tract_geoid_2010,tract_geoid_2000,poppct10,n_deals,total_qlici
01059973500,01059973500,100,1,5000000
01073001902,01073001902,100,3,14400000
01073002700,01073002700,100,1,1000000
01073004500,01073004500,100,2,34450000
01097000200,01097000200,100,1,14000000
02020000600,02020000600,100,8,11493716
02020001000,02020001000,100,4,9278950
02020001100,02020001100,100,3,1931250
02020001802,02020001802,100,1,750000
02020001900,02020001900,100,3,1327500
02020002100,02020002100,100,1,607500
02050000100,02050000100,100,1,337500
02090000100,02090000100,100,1,431250
02090000300,02090000300,100,1,495000
02122000100,02122000100,100,1,1000000
02170000102,02170000100,100,1,348750
02180000100,02180000100,100,1,2138133
02290000200,02290000200,100,1,1200000
04013092801,04013092800,100,1,7173888
04013093001,04013093000,100,1,600000
04013103304,04013103304,100,1,2357852
04013103305,04013103305,100,1,3600000
04013103306,04013103306,100,1,2286000
04013106002,04013106000,100,1,704000
04013106703,04013106700,100,3,47500000
04013109801,04013109801,100,2,6000000
04013110501,04013110500,100,2,5219600
04013110502,04013110500,100,2,1194276
04013110600,04013110600,100,1,680738
04013111202,04013111202,100,2,4600000
04013112514,04013112506,100,1,18500000
04013113100,04013113100,100,2,23200001
04013113203,04013113203,100,1,1100000
04013113801,04013113800,100,3,22100000
04013114000,04013114000,100,1,1350000
04013114100,04013114100,100,3,33085000
04013114200,04013114200,100,1,3000000
04013114301,04013114301,100,1,1008500
04013114500,04013114500,100,1,1500000
04013114800,04013114800,100,2,2920000
04013115200,04013115200,100,1,800000
04013115802,04013115802,100,1,740000
04013116204,04013116204,100,1,1600000
04013116703,04013116703,100,3,7500000
04013117100,04013108801,90.96,1,6056000
04013117200,04013115000,95.86,2,11450000
04013421302,04013421302,100,1,467800
04015952600,04015952600,100,1,1153498
04019000100,04019000100,100,1,2968175
04019000200,04019000200,100,1,700000
04019001100,04019001100,100,1,278505
04019003802,04019003802,100,1,1900000
05001480400,05001980400,100,1,767000
05041950200,05041950200,100,2,1890383
05043490200,05043990200,100,2,1040300
05043490400,05043990400,100,1,100000
05051011602,05051011602,100,2,666600
05069001000,05069001000,100,2,312300
05095950100,05095950100,100,3,554382
05119001900,05119001900,100,1,248625
05119003001,05119003000,100,1,3500000
05141460200,05141960200,100,1,1500000
05143011101,05143011101,100,2,5859000
05143011300,05143010900,58.14,1,3943528
06001401100,06001401100,100,2,240150
06001401300,06001401300,100,1,25000
06001401500,06001401500,100,1,21750
06001401600,06001401600,100,1,1100000
06001402600,06001402600,100,2,7725388
06001402800,06001402800,100,5,47397989
06001402900,06001402900,100,2,130000
06001403501,06001403500,100,1,526000
06001403701,06001403700,100,4,39250000
06001406100,06001406100,100,6,13913000
06001408900,06001408900,100,2,77427
06001409000,06001409000,100,2,7200000
06001422900,06001422900,100,8,25419212
06001423200,06001423200,100,1,2000000
06001423901,06001423901,100,1,2257661
06001426100,06001426100,100,1,1275000
06001435500,06001435500,100,1,247500
06001435601,06001435600,100,1,210000
06001436602,06001436602,100,1,2095000
06013303103,06013303100,100,1,7077000
06013305000,06013305000,100,1,12901000
06013311000,06013311000,100,1,50000
06013313101,06013313101,100,1,10000
06013359202,06013359202,100,1,405576
06013360102,06013360100,100,1,425000
06013365003,06013365001,98.15,2,3750000
06013372000,06013372000,100,1,2850000
06013374000,06013374000,100,4,764009
06013377000,06013377000,100,1,334000
06013379000,06013379000,100,1,100000
06013380000,06013380000,100,5,24219267
06019000300,06019000300,100,2,160000
06019001201,06019001201,100,1,719000
06019005100,06019005100,100,1,3383413
06023001000,06023001000,100,1,1800000
06025010400,06025010400,100,2,2000000
06025011300,06025011300,100,1,7347687
06025011900,06025011900,100,2,3100000
06029001500,06029001500,100,1,240000
06029002900,06029002900,100,1,3538270
06037102107,06037102101,89.2,1,7537500
06037104320,06037104320,100,4,28945112
06037127605,06037127602,93.15,1,237000
06037181600,06037181600,100,1,1890000
06037190510,06037190510,100,3,22085984
06037191000,06037191000,100,2,15975900
06037201301,06037201301,100,2,10350000
06037206031,06037206040,55.36,2,6320000
06037207900,06037207900,100,1,10500000
06037208402,06037208400,83.64,2,10439393
06037208502,06037208500,100,1,425000
06037208902,06037208902,100,1,1998000
06037209200,06037209200,100,2,5100000
06037210010,06037210010,100,1,418000
06037211121,06037211110,100,1,8000000
06037211802,06037211802,100,2,5895000
06037224410,06037224410,99.84,2,10575000
06037234600,06037234600,100,2,10400000
06037236100,06037236100,100,1,2886934
06037237402,06037237400,100,1,600000
06037238320,06037238320,99.84,4,10670000
06037242700,06037242700,100,2,5318548
06037269903,06037269902,100,1,782000
06037294701,06037294700,100,2,1200000
06037296600,06037296600,100,1,730000
06037301601,06037301601,100,1,1300000
06037320201,06037320200,100,1,4500000
06037402402,06037402402,99.9,1,310000
06037404201,06037404200,100,2,24843400
06037461901,06037461900,100,4,13680000
06037502902,06037502902,100,1,526616
06037530500,06037530500,100,1,508542
06037530700,06037530700,100,1,849000
06037532101,06037532101,100,1,1020000
06037532200,06037532200,100,1,625000
06037532303,06037532303,99.55,1,4244000
06037532603,06037532603,100,2,511111
06037533107,06037533107,100,1,515000
06037533203,06037533203,100,1,1975000
06037534900,06037534900,100,2,10000000
06037535101,06037535101,100,1,2500000
06037573402,06037573402,99.91,1,1400000
06037576402,06037576402,100,1,1312500
06037601001,06037601001,100,1,331000
06037601100,06037601100,100,2,2000000
06041112202,06041112200,100,1,2500000
06053001300,06053001300,97.49,3,18051000
06057000501,06057000501,100,3,4244692
06059052411,06059052411,100,1,7500000
06059074802,06059074802,100,1,498000
06059075403,06059075403,100,2,2500000
06059075515,06059075515,100,2,3008250
06059076101,06059076101,100,1,335000
06059088502,06059088502,100,1,1800000
06065030400,06065030400,100,8,49386000
06065030502,06065030502,100,1,1500000
06065040615,06065040602,100,1,19480000
06065041500,06065041500,100,1,1025000
06065042209,06065042209,100,1,600000
06065042300,06065042300,99.94,1,7000000
06065043001,06065043001,100,1,1175000
06065043005,06065043005,100,1,915000
06065044701,06065044701,100,1,17600000
06065051200,06065043215,100,1,379236
06067001101,06067001100,55.25,1,9750000
06067003700,06067003700,100,1,1500000
06067004502,06067004500,100,2,1435000
06067005101,06067005101,100,1,97000
06067005301,06067005300,100,2,680000
06067005502,06067005502,100,1,2990884
06067006900,06067006900,100,1,240500
06069000300,06069000300,100,1,1200000
06071005400,06071005400,100,2,6350000
06071005600,06071005600,100,1,390250
06071005701,06071005700,51.85,1,8400000
06071009117,06071009104,100,1,260000
06071009910,06071009902,100,1,6720000
06071010700,06071010700,100,1,2100000
06071012700,06071002201,99.75,3,5169000
06071980100,06071007200,0,1,798036
06073001400,06073001400,100,2,7048000
06073001700,06073001700,100,1,822500
06073003304,06073003302,100,1,15000000
06073003305,06073003302,99.95,1,476000
06073003404,06073003404,100,2,15043500
06073003601,06073003601,100,1,843000
06073004501,06073004501,100,1,450000
06073005200,06073005200,100,3,24139000
06073006600,06073006600,100,1,532500
06073010005,06073010005,100,2,10000000
06073010009,06073010009,100,1,26275000
06073010015,06073010015,100,1,806000
06073010106,06073010106,100,1,4000000
06073010401,06073010401,100,1,457000
06073011700,06073011700,100,1,827500
06073011801,06073011801,100,1,367500
06073012200,06073012200,100,1,4098816
06073012402,06073012402,100,1,449000
06073012502,06073012500,100,2,5746000
06073012700,06073012700,100,1,536500
06073016301,06073016301,100,1,450000
06073018200,06073018200,100,2,171122
06073020029,06073020009,100,4,8014215
06073020202,06073020202,100,1,1015000
06073020214,06073020212,100,1,508750
06073020601,06073020601,100,1,285500
06073021100,06073021100,100,1,406000
06073021400,06073007001,58.99,21,119929674
06075011700,06075011700,100,5,12760000
06075011800,06075011800,100,1,15925000
06075017601,06075017601,99.54,2,7088000
06075017700,06075017700,100,2,6700000
06075017802,06075017800,100,1,800000
06075023103,06075023103,100,1,1210000
06075023400,06075023400,100,3,1020000
06075980900,06075060900,100,1,825000
06081600600,06081600600,100,1,755000
06081600800,06081600800,100,1,1105000
06081603700,06081603700,100,1,409200
06081606200,06081606200,100,1,440000
06081610202,06081610202,100,1,2275000
06085500200,06085500200,100,2,1874000
06085501000,06085501000,100,1,1086000
06085501600,06085501600,100,2,6425072
06085504102,06085504102,100,1,9603000
06085504318,06085504318,100,3,1165000
06085512027,06085512027,100,1,2986324
06085512604,06085512601,100,2,9500000
06095250701,06095250701,100,1,775000
06095250900,06095250900,100,3,6907115
06095251500,06095251500,100,2,1461998
06095251802,06095251802,100,1,837000
06097153704,06097153704,100,1,500000
06099002602,06099002602,100,1,1224000
06101050102,06101050102,100,1,4000000
06107002901,06107002901,100,3,922200
06113011400,06113011400,100,1,352207
08001008705,08001008705,100,1,300000
08001009002,08001009002,100,1,500000
08001009306,08001009306,100,1,6050000
08001009553,08001009553,100,2,5896000
08001015000,08001009003,81.6,1,2360000
08005006000,08005006000,100,1,275600
08005006400,08005006400,100,1,500000
08005007301,08005007300,100,1,5157000
08005081200,08005007062,100,1,2000000
08029964900,08029964900,98.97,1,2150000
08029965200,08029965200,100,1,436500
08031000600,08031000600,100,1,450000
08031001302,08031001302,100,1,123750
08031001600,08031001600,100,1,3889055
08031001702,08031001702,100,2,10172500
08031001800,08031001800,100,1,2100000
08031002403,08031002403,100,1,560000
08031002602,08031002602,100,3,601000
08031002703,08031002703,100,1,590750
08031003203,08031003203,100,1,200000
08031003500,08031003500,100,3,9210000
08031003602,08031003602,100,1,1400000
08031006901,08031006901,100,1,1140750
08041002200,08041002200,100,2,4321800
08041004501,08041004501,100,2,1754000
08041005202,08041005202,100,1,192600
08041006000,08041006000,100,1,1745000
08059011300,08059011300,100,2,8525223
08059011550,08059011550,100,1,121600
08069000100,08069000100,100,1,500000
08069001003,08069001003,100,1,362400
08069001305,08069001305,100,1,500000
08075966300,08075996300,100,1,1205600
08075966400,08075996400,100,1,427500
08077000200,08077000200,100,1,328000
08101002200,08101002200,100,2,5138164
08101002901,08101002901,100,2,8522055
08101003500,08101000700,69.42,3,12900000
09001070600,09001070600,100,8,43304417
09001071200,09001071200,100,2,4736462
09001072000,09001072000,100,1,1162500
09003500400,09003500400,100,1,12396376
09011690700,09011690700,100,1,8000000
10003001902,10003001900,100,1,1234489
10003002800,10003000100,71.21,4,19489909
10003015200,10003015200,100,1,17000000
11001002900,11001002900,100,1,9000000
11001003000,11001003000,100,2,9000000
11001003100,11001003100,100,1,991000
11001003800,11001003800,100,3,8655400
11001004300,11001004300,100,4,6165000
11001004400,11001004400,100,1,2500000
11001004901,11001004901,100,1,577565
11001007304,11001007304,100,3,11165000
11001007401,11001007401,100,2,13314014
11001007403,11001007403,100,2,8400000
11001007409,11001007409,100,3,9110000
11001007806,11001007806,100,1,497982
11001008301,11001008301,100,2,4250000
11001008402,11001008402,100,5,22709447
11001009602,11001009602,100,2,5537500
11001009804,11001009804,100,4,15200000
11001010100,11001005100,74.17,1,15000000
11001010600,11001008500,98.32,1,35648910
11001010700,11001005401,85.64,1,10000000
12001000500,12001000500,100,4,9985000
12001002219,12001002203,100,1,1200000
12009064700,12009064700,100,4,14636144
12011041400,12011041400,100,2,15586800
12031001400,12031001400,100,1,11750000
12031011700,12031011700,100,1,67000
12031017200,12031001800,68.39,1,6400000
12039020600,12039020600,100,1,1979409
12071000504,12071000504,100,1,1457000
12073000700,12073000700,100,1,1548148
12073000800,12073000800,100,1,1238915
12081000105,12081000104,100,1,1000000
12086000403,12086000403,100,1,3000000
12086001101,12086001101,100,1,671581
12086003703,12086003701,100,2,2425137
12086005201,12086005201,100,1,3000000
12086005304,12086005301,100,1,1535000
12086007002,12086007002,100,1,474956
12086011001,12086011001,100,1,531000
12095017001,12095017001,100,1,7026000
12095018900,12095010600,50.61,3,13350000
12099001404,12099001404,100,1,500000
12101031007,12101031007,100,1,4600000
12103020500,12103020500,100,1,2500000
12103020600,12103020600,100,3,8692960
12103021900,12103021900,100,1,3900000
13051000100,13051000100,100,1,5000000
13063040416,13063040406,100,1,4510514
13107970100,13107980100,100,1,10000000
13121002800,13121002800,100,2,22000000
13121003500,13121003500,100,1,750000
13121005200,13121005200,100,1,1300000
13121010513,13121010513,99.66,2,7542500
13121010800,13121010800,100,1,5506691
13121011900,13121003300,55.79,3,28060332
13133950200,13133950200,100,1,1000000
13139001101,13139001100,100,1,986392
15003008502,15003008500,100,1,250000
16001000100,16001000100,100,5,5254500
16001001100,16001001100,100,7,3715400
16001002000,16001002000,100,1,4600000
16027020200,16027020200,100,1,900000
16027021500,16027021500,100,1,361000
16027021700,16027021700,100,1,5000000
16055000900,16055000900,100,1,625000
16079960300,16079960300,100,1,187500
16083001200,16083981200,100,1,800000
17019000700,17019000700,100,1,720123
17029000400,17029000400,100,1,769535
17031031200,17031031200,100,2,2600000
17031081700,17031081700,100,1,4567092
17031210501,17031210500,100,3,8494848
17031230800,17031230800,100,1,356250
17031251800,17031251800,100,1,525800
17031260100,17031260100,100,2,193944
17031260200,17031260200,100,3,2752885
17031260300,17031260300,100,1,673517
17031280400,17031280400,100,1,852948
17031301100,17031301100,100,1,903039
17031310800,17031310800,100,1,595034
17031320600,17031320600,100,3,41946517
17031351400,17031351400,100,1,2801833
17031461000,17031461000,100,1,1000000
17031491000,17031491000,100,1,3200000
17031491100,17031491100,100,1,521347
17031661000,17031661000,100,2,1998000
17031750100,17031750100,100,1,810000
17031827400,17031827400,100,1,694133
17031828900,17031828900,100,1,180000
17031830700,17031031600,82.01,1,285000
17031831200,17031200500,83.07,1,153808
17031834200,17031431100,83.74,1,12000000
17031840700,17031300100,50.41,1,1201892
17031842600,17031610700,45.54,2,2220000
17081050500,17081050500,100,1,2000000
17081051000,17081051000,100,2,625000
17081051100,17081051100,100,2,1109047
17089853200,17089853200,100,1,1000000
17101880900,17101980900,100,1,2000000
17115002000,17115002000,100,1,600000
17115002100,17115002100,99.94,1,854000
17121952000,17121952000,100,2,166800
17121952100,17121952100,100,1,50000
17121952500,17121952500,99.93,1,1356750
17121952700,17121952700,100,4,2306380
17137952000,17137952000,100,1,1000000
17161022300,17161022300,100,1,451000
17163502300,17163502300,100,1,4700000
17191955200,17191955200,100,4,958004
18003001600,18003001600,100,1,240000
18019050100,18019050100,100,2,2300000
18019050200,18019050200,100,1,240000
18035002800,18035000200,64.88,1,2384660
18043070200,18043070200,100,2,1360000
18053000900,18053000900,100,2,5150000
18097322600,18097322600,100,2,4837750
18097351500,18097351500,100,1,7000000
18097352700,18097352700,100,1,6000000
18097352800,18097352800,100,2,8000000
18097353300,18097353300,100,1,20200000
18097391000,18097354100,61.82,5,34615340
18105000100,18105000100,100,1,4000000
18117951500,18117951500,100,3,16600000
19013000100,19013000100,100,1,449769
19013000900,19013000900,100,1,1394182
19153002600,19153002600,100,2,7592000
19153005100,19153005100,100,3,20080000
19155021200,19155021200,100,1,750000
19155030900,19155030900,100,3,2352353
19155031300,19155031300,100,4,10190001
19163010900,19163010900,100,3,13024910
19193003600,19193001600,67.9,1,9800000
20161000802,20161000802,100,3,10305000
20209041800,20209041800,100,1,5000000
21001970402,21001970400,100,1,7000000
21015070311,21015070304,100,1,1300000
21019030200,21019030200,77.62,1,150095
21019030700,21019030700,100,1,140473
21025920300,21025980300,100,12,8100154
21025920400,21025980400,83.65,1,93156
21037050500,21037050500,100,2,7110542
21067000102,21067000100,100,1,485000
21067000802,21067000802,100,1,22400000
21071920100,21071980200,100,3,785201
21071920200,21071980100,100,1,125000
21071921000,21071980300,100,1,225000
21075960100,21075980100,100,1,6395029
21111001200,21111001200,100,2,1880242
21111002300,21111002300,100,1,1000000
21111002400,21111002400,100,2,1287000
21111002700,21111002700,100,5,4600000
21111003000,21111003000,100,1,1500000
21111003700,21111003700,100,1,5992000
21111004900,21111004900,100,19,161724807
21111005000,21111005000,100,1,600000
21111005100,21111005100,100,1,50000
21111005900,21111005900,100,2,1854000
21115960100,21115960100,86.71,1,54768
21115960400,21115960400,98.67,3,1500000
21125970600,21125970600,100,1,197131
21151010902,21151010900,100,1,1344578
21159950100,21159950100,100,1,1100000
21193970500,21193970500,100,2,950000
21193970600,21193970600,100,3,1069267
21195930100,21195990100,100,3,640000
21195930200,21195990200,100,4,855489
21195930300,21195990300,100,2,2707338
21195930400,21195990400,100,1,1500020
21195931800,21195991800,99.89,2,29721
21195931900,21195991900,99.97,2,160000
21203950200,21203950200,100,1,135000
21211040401,21211040400,100,1,425000
21235920400,21235980400,100,1,170000
22009030700,22009030700,100,1,200000
22019001600,22019001600,100,1,3320000
22025000200,22025980200,100,1,30000
22029000200,22029990200,100,2,2500000
22029000300,22029990300,100,1,6500000
22033001102,22033001102,100,12,34203829
22033001104,22033001104,100,2,2192571
22033004014,22033004007,100,1,15000000
22033005100,22033000800,64.44,1,7600000
22051020600,22051020600,100,1,345000
22051024202,22051024200,100,1,3000000
22051025900,22051025900,100,1,70000
22051027701,22051027701,100,1,4400000
22051028100,22051020800,56.51,2,1509000
22055001001,22055001001,100,1,14000000
22065960400,22065960400,100,1,67274
22067950200,22067950200,100,4,1231339
22067950500,22067950500,100,1,70000
22067950800,22067950800,100,1,67921
22069000200,22069990200,100,1,126500
22069000300,22069990300,100,1,1401000
22069000900,22069990900,99.98,2,18750000
22071000613,22071000613,100,1,25000
22071001751,22071001733,100,1,1000000
22071002600,22071002600,100,1,3700000
22071003702,22071003702,100,2,122800
22071005000,22071005000,100,1,3500000
22071007101,22071007100,100,1,228500
22071007200,22071007200,100,1,25000
22071007700,22071007700,100,2,20401000
22071011100,22071011100,100,3,25000000
22071012102,22071012102,100,2,20000000
22071013200,22071013200,100,6,5484000
22071013400,22071005800,44.99,25,161057276
22071013900,22071006700,54.27,5,20640000
22071014000,22071006800,62.79,1,19600000
22073005500,22073005500,99.85,1,150000
22073010603,22073010603,100,2,5050000
22073010800,22073000300,61.19,2,561629
22077952300,22077952300,100,1,8000000
22079013900,22079011100,72.74,1,2000000
22083970100,22083970100,100,2,491258
22095070700,22095070700,100,1,4000000
22097961700,22097961700,100,1,552400
22103040605,22103040603,99.36,4,20185000
22105953600,22105953600,100,1,1724000
22109000300,22109000300,100,1,2204000
22111960200,22111960200,100,1,280000
22117950700,22117950700,100,2,18115528
22121020200,22121020200,100,1,20000000
23001020100,23001020100,100,1,2050000
23003952900,23003952900,100,2,44550000
23005000300,23005000300,100,3,10840500
23005016000,23005016000,100,1,2388000
23011010300,23011010300,100,2,1306250
23011024102,23011024102,94.15,2,20638000
23019030000,23019030000,100,1,31450000
23021960301,23021960300,100,1,16500000
23021960400,23021960400,100,1,25450000
23025965301,23025985300,100,1,13700000
23025965302,23025985300,100,1,5150000
24005404202,24005404202,100,1,6000000
24027605402,24027605402,100,1,1800000
24033802405,24033802405,100,1,725000
24033803200,24033803200,100,1,17500000
24033804600,24033804600,100,1,9251730
24045010702,24045010702,100,1,8500000
24510030200,24510030200,100,3,32145000
24510040100,24510040100,100,5,18930309
24510070200,24510070200,100,2,8922949
24510070400,24510070400,100,1,25500000
24510080200,24510080200,100,1,14000000
24510080700,24510080700,99.56,1,13844696
24510080800,24510080800,100,2,19622286
24510110200,24510110200,100,1,1429500
24510120202,24510120200,100,4,14023489
24510120500,24510120500,100,2,9634000
24510130806,24510130806,100,3,18833122
24510180300,24510180300,100,2,29690000
24510210100,24510210100,100,3,9655000
24510230300,24510230300,100,1,3396250
24510240100,24510240100,100,3,5162496
24510260605,24510260605,100,3,5455272
24510270805,24510270805,100,2,11500000
24510280101,24510280101,100,1,4000000
24510280102,24510280102,100,1,9750000
25001015300,25001012400,82.88,1,550000
25003900100,25003900100,100,7,23825547
25003922100,25003922100,100,2,5530600
25005613800,25005613800,100,2,935000
25005641101,25005640900,70.33,1,133000
25005641200,25005641200,100,1,160000
25005641400,25005641400,100,2,3125000
25005650102,25005650102,100,4,1790000
25005650202,25005650202,100,2,4000000
25005650600,25005650600,100,2,1500000
25005651002,25005651002,99.77,1,100000
25005651200,25005651200,100,1,530000
25005651700,25005651700,100,2,448000
25005651800,25005651800,100,17,13069040
25005651900,25005651900,100,2,1075000
25005652200,25005652200,100,1,1220000
25005653102,25005653102,100,1,1200000
25009206800,25009206800,100,3,7660635
25009221500,25009221500,100,1,560000
25009251000,25009251000,100,3,5520746
25009251600,25009251600,100,2,1800000
25009260200,25009260200,100,1,915680
25013800202,25013800202,100,1,1172863
25013800800,25013800800,100,1,313200
25013810800,25013810800,100,2,4442663
25013811400,25013811400,100,1,500000
25013811600,25013811600,100,1,1225000
25013811700,25013811700,100,3,21747443
25013812103,25013812102,100,1,3775344
25015821601,25015821601,100,4,7293500
25017310100,25017310100,99.62,1,133810
25017311200,25017311200,100,3,3235669
25017383101,25017383100,100,1,583200
25021417901,25021417901,100,2,500000
25023510300,25023510300,100,1,200000
25023510400,25023510400,100,1,400000
25023510502,25023510502,100,2,3569057
25023510503,25023510503,100,4,4476025
25023510900,25023510900,100,5,15448000
25023511000,25023511000,100,3,1897500
25023511200,25023511200,99.9,1,240000
25023511600,25023511600,99.86,6,3037540
25023530200,25023530200,100,1,10000000
25023530300,25023530300,100,2,1294300
25023545300,25023545300,100,2,3600000
25025000803,25025000801,100,2,10516512
25025010203,25025010201,100,2,20000000
25025010500,25025010500,100,2,9500000
25025050300,25025050300,100,6,5236476
25025070200,25025070200,100,10,13495240
25025070402,25025070400,100,3,6275325
25025070500,25025070500,100,5,4827714
25025071101,25025071100,100,5,49323716
25025080401,25025080500,53.32,14,20284867
25025081300,25025081300,100,5,6990232
25025082000,25025082000,100,1,1900000
25025090600,25025090600,100,2,4800422
25025091300,25025091300,100,4,1663217
25025100500,25025100500,100,3,4649948
25025101102,25025101102,100,1,250000
25025110401,25025110401,100,2,8722010
25025120301,25025120300,92.51,14,16244894
25025160101,25025160100,100,5,3378488
25027710700,25027710700,100,9,10844849
25027731700,25027731700,100,11,31136000
26017286500,26017280200,73.72,2,5040000
26021000400,26021000400,100,1,8600000
26049002800,26049002800,100,4,7739940
26065006600,26065001300,49.25,2,4800000
26065006700,26065001500,54.5,2,10322306
26077000201,26077000201,100,1,14300000
26081000900,26081000900,100,2,7535000
26081002000,26081002000,100,2,7774000
26081002100,26081002100,100,3,5812859
26081002700,26081002700,100,3,4040000
26155030600,26155030600,100,3,5000000
26161400600,26161400600,100,1,1142366
26163517200,26163517200,100,3,15046172
26163517500,26163517500,100,3,3402000
26163518000,26163518000,100,2,10000000
26163520300,26163520300,100,2,5000000
26163520700,26163520700,100,2,9700000
26163521100,26163521100,100,4,8853004
26163524200,26163524200,100,3,5035853
26163533900,26163532500,89.84,2,9036500
26163552400,26163552400,100,2,1880000
27001770300,27001990300,100,4,1824100
27005450500,27005950500,100,3,1367500
27005450600,27005950600,100,2,902500
27005450700,27005950700,100,1,100000
27007450701,27007950700,100,1,200000
27007450702,27007950700,100,2,450000
27015960101,27015960100,100,2,20900000
27025110200,27025110200,100,1,112500
27029000100,27029000100,100,4,2970000
27035950204,27035950200,100,1,367000
27043460200,27043960200,100,1,1030000
27043460600,27043960600,99.88,1,334275
27053002400,27053002400,100,2,361400
27053008500,27053008500,100,2,7822715
27053020200,27053020200,100,4,46402591
27053102100,27053102100,100,1,140000
27053104400,27053104400,100,8,9673424
27053104800,27053104800,90.03,1,300000
27053106000,27053106000,100,1,214000
27053106200,27053106200,100,1,234000
27053106900,27053106900,100,1,300000
27053125700,27053101400,58.07,2,176000
27053125800,27053107200,52.76,15,92018902
27053126100,27053104600,74.61,1,7410000
27061480900,27061980900,100,1,700000
27061481000,27061981000,100,1,203058
27087940100,27087960100,100,1,6650000
27087940300,27087960300,100,2,250000
27105105400,27105990400,99.41,1,292500
27111960500,27111960500,100,8,6540000
27111960600,27111960600,100,2,461000
27111960900,27111960900,100,3,22322000
27117460200,27117960200,100,2,1000000
27123031500,27123031500,100,3,1187650
27123031900,27123031900,100,4,20275864
27123032400,27123032400,100,1,1000000
27123033000,27123033000,100,3,705000
27123041200,27123041200,100,1,1400000
27127750500,27127950500,100,1,80000
27137001900,27137001900,100,9,34986031
27137015300,27137015300,100,1,348000
27137015600,27137002700,42.83,1,150000
28001000900,28001000900,99.95,2,10600000
28047001300,28047001300,100,1,12000000
28049001100,28049001100,100,1,30000
28049002700,28049002700,100,8,37130250
28049010202,28049010202,100,1,55000
28053950200,28053950200,100,1,260000
28059042100,28059042100,100,1,146000
28063950100,28063950100,100,1,341000
28077960200,28077960200,100,1,82500
28087000900,28087000900,100,1,135000
28099940100,28099010300,100,3,15200000
28105950400,28105950400,100,2,389994
28121020302,28121020302,100,4,12975000
28123020400,28123020400,100,2,813265
28123020500,28123020500,100,1,463500
28151000200,28151000200,100,1,450000
28151001300,28151001300,100,1,1000000
29019001101,29019001101,100,3,13579000
29021003000,29021001400,62.08,2,9765346
29095002000,29095002000,100,2,7500000
29095007600,29095007600,100,5,837562
29095007802,29095007802,100,1,6000000
29095017100,29095005802,82.83,1,1142518
29189212002,29189212000,100,1,857482
29510101500,29510101500,100,2,10936715
29510105198,29510105198,99.8,1,2333000
29510113500,29510113500,100,2,19200000
29510116302,29510116300,100,1,1800000
29510118400,29510118400,100,4,10560000
29510118600,29510118600,100,8,12660000
29510119101,29510119100,100,2,29913000
29510119300,29510119300,100,3,11346240
29510121100,29510121100,100,1,4761900
29510125500,29510125500,100,17,58366752
29510125600,29510125600,100,37,123534476
29510126600,29510126600,100,29,50062984
29510126700,29510126700,100,1,589755
29510127400,29510122400,60.08,1,1567350
29510127600,29510123400,100,2,862500
30047940500,30047940500,100,1,457200
31055000500,31055000500,100,4,18778563
32031000101,32031000100,100,1,588750
33007950300,33007950300,100,1,2260000
33009961000,33009961000,100,1,3320000
33015003400,33015003400,100,1,10000000
33015107100,33015069400,100,1,1806880
33019975902,33019975902,100,2,2717533
34001002400,34001002400,100,2,30000100
34011030200,34011030200,100,1,22500000
34011030400,34011030400,100,1,4800000
34011041100,34011040200,93.1,2,3500000
34013001800,34013001800,100,3,4625000
34013003800,34013003800,100,2,2375000
34013003900,34013003900,100,2,4740000
34013004300,34013004300,99.38,1,10500000
34013007400,34013007400,100,1,3760000
34013007700,34013007700,100,1,4080000
34013007800,34013007800,100,1,2117000
34013008000,34013008000,100,2,11300000
34013008100,34013008100,100,2,19688216
34013010500,34013010500,100,1,1750000
34013016000,34013016000,100,1,1775000
34013016800,34013016800,100,1,144000
34013018900,34013018900,100,1,325000
34013022800,34013022800,100,2,200000
34013022900,34013008500,56.64,13,98758500
34013980200,34013009800,100,1,5000000
34017001300,34017001300,100,1,3375000
34017002000,34017002000,100,2,16950000
34017006000,34017006000,100,2,7000000
34017013300,34017013300,100,2,10426000
34021000900,34021000900,100,1,5300000
34021001101,34021001100,99.82,1,3600000
34023005601,34023005600,100,3,2606311
34023008900,34023001806,73.28,1,10000000
34025807700,34025807700,100,2,1275000
34031181800,34031181800,100,3,8100000
34039030701,34039030700,100,1,5000000
35001002100,35001002100,100,4,11395034
35001003736,35001003734,100,1,11120000
36001000100,36001000100,100,2,3587500
36001000200,36001000200,100,2,6100000
36001001100,36001001100,100,1,645130
36001002600,36001002600,100,2,5166828
36005006300,36005005901,91.97,2,140000000
36005007100,36005007100,100,2,19999999
36005009300,36005009900,84.27,2,1650000
36005011700,36005011501,99.5,4,40000000
36005014100,36005014100,99.51,5,43088000
36005017701,36005017700,100,2,3500000
36005022701,36005022701,100,1,13373222
36005023800,36005023400,96.48,3,19000000
36005039500,36005037700,77.16,4,14099860
36015001000,36015001000,100,1,3011000
36027210201,36027210200,100,1,5963226
36027220700,36027220700,100,2,9550000
36027221100,36027220500,36.69,1,4800000
36029016500,36029007201,71.47,17,46914468
36033950400,36033950400,100,2,5150000
36033950501,36033950500,100,1,3500000
36043011502,36043011500,100,4,31005731
36047003900,36047003900,100,1,20952684
36047005900,36047005900,100,2,8762500
36047008500,36047008500,100,1,7680000
36047012200,36047012200,100,1,9000050
36047023600,36047023600,100,1,5000000
36047024100,36047024100,100,2,12000000
36047033700,36047033700,100,1,5000000
36047035200,36047035200,100,5,17824455
36047038300,36047038300,100,1,10000000
36047045300,36047045300,100,1,755000
36047050700,36047050700,100,1,11093729
36047051900,36047051900,100,2,11970528
36047052300,36047052300,100,1,4125000
36047057900,36047057900,100,1,3600000
36047077400,36047077400,100,1,4000000
36047114400,36047115400,84.94,1,9960000
36055009601,36055009601,100,4,9960000
36061010900,36061010900,100,1,1000000
36061017800,36061017800,100,2,71000000
36061018400,36061018400,100,1,5420000
36061018600,36061018600,100,3,6511075
36061019600,36061019600,100,3,10890000
36061020000,36061020000,100,3,8653884
36061021303,36061021301,74.46,1,6625000
36061022102,36061022102,100,1,4850000
36061022200,36061022200,100,3,86907988
36061022800,36061022800,100,1,5300000
36065020300,36065020300,100,5,16782894
36067001500,36067001500,100,1,3015000
36067013701,36067013700,78.85,1,6000000
36071000400,36071000400,100,2,1524768
36071002200,36071002200,100,2,5200000
36081024000,36081024000,100,1,2400000
36081087100,36081087100,95.43,1,17150000
36081116700,36081116700,100,1,2287500
36091060902,36091060902,100,1,7994269
36093020200,36093020200,99.27,3,23242447
36093021001,36093021001,100,2,10100000
36103145902,36103145902,100,1,1500000
36103146607,36103146607,100,2,1540000
36105950500,36105950500,99.91,1,4138000
36109000100,36109000100,100,4,18718500
36111951700,36111951700,100,2,2590844
36119000104,36119000104,0,2,4034840
36119000500,36119000500,100,1,2000000
37025041000,37025041000,100,2,19440000
37051003800,37051000100,37.19,1,2897439
37063000401,37063000401,99.96,1,273000
37063000700,37063000700,96.89,15,134447005
37063001100,37063001100,100,1,10000000
37063002200,37063000802,84.12,4,10415000
37063002300,37063001201,86.7,5,42134814
37065020200,37065020200,98.8,1,1249561
37067001901,37067001901,100,2,3900000
37071031600,37071031600,97.79,2,7496000
37081010900,37081010900,100,2,1870000
37105030300,37105030300,100,1,1863370
37109070800,37109070800,100,4,32220640
37119004100,37119004100,100,4,18100332
37127010400,37127010400,88.35,4,31384340
37129011200,37129011200,100,1,300000
37129011300,37129011300,100,1,1137023
37167931201,37167990400,54.05,1,3252848
38017010107,38017010105,100,1,1409892
38085940900,38085940300,99.42,2,9500000
39035101200,39035101200,100,2,11350000
39035101603,39035101600,87.09,1,2104250
39035103602,39035103600,46.25,2,900000
39035104300,39035104500,55.27,7,14895000
39035104400,39035104702,55.81,1,5000000
39035104600,39035104600,70.34,1,2085391
39035105602,39035105602,100,3,60000000
39035107701,39035107700,67.03,9,27610000
39035107802,39035107800,84.28,3,18827610
39035108201,39035111100,56.79,1,450000
39035108301,39035108300,62.36,4,6757390
39035108701,39035108900,40.15,6,10704000
39035109701,39035109700,74.46,3,1570000
39035111202,39035111200,46.54,1,1000000
39035112800,39035112800,100,5,7917500
39035114700,39035114700,100,1,463500
39035118800,39035118800,78.48,1,500000
39035119501,39035119501,100,3,16700000
39035119800,39035119800,100,1,617500
39035121401,39035121401,100,1,401017
39049001500,39049001500,100,1,1985028
39049001700,39049001700,100,3,45453410
39049002200,39049002200,100,3,6886265
39049002520,39049002520,100,1,923900
39049003000,39049003000,100,10,21388015
39049004000,39049004000,100,2,951000
39049005100,39049005100,100,1,1625000
39049005200,39049005200,100,1,5000000
39049005300,39049005300,100,1,1079770
39049007511,39049007511,100,1,5000000
39049007520,39049007520,100,1,1725000
39053953900,39053953900,100,1,270000
39053954100,39053954100,100,7,4907500
39057200104,39057200102,100,1,842500
39061000700,39061000700,100,1,13138268
39061000900,39061000900,100,8,20524347
39061001000,39061001000,100,4,4894400
39061002800,39061002800,100,2,6895000
39061003300,39061003300,100,1,3158000
39061006800,39061006800,100,1,7710526
39061008800,39061008800,100,1,940000
39061026600,39061004400,66.01,1,585000
39061026700,39061003500,55.67,1,150000
39061027000,39061006700,77.66,4,6815789
39071954800,39071954800,100,1,1163000
39079957200,39079957200,100,2,320000
39079957500,39079957500,100,5,5225000
39079957600,39079957600,100,3,1983000
39079957700,39079957700,100,1,350000
39079957800,39079957800,100,1,360000
39083007600,39083987600,100,1,1333850
39087050100,39087050100,100,1,365000
39087050800,39087050800,99.22,1,1100000
39093022200,39093022200,100,1,180000
39093022400,39093022400,100,1,1250000
39093023100,39093023100,100,2,272000
39093023600,39093023600,100,2,679254
39093023900,39093023900,100,1,555046
39093060100,39093060100,100,2,4400000
39093070300,39093070300,100,1,3502794
39093070901,39093070901,100,1,340000
39093071400,39093071400,100,1,80000
39093097300,39093022900,80.05,5,2777622
39095001800,39095001800,100,1,392924
39109315300,39109315300,100,2,16320000
39113001501,39113001500,66.17,1,533000
39113165100,39113003700,57.76,2,1515000
39121968400,39121968400,100,1,600000
39127966300,39127966300,100,1,160000
39131952200,39131952200,100,1,158457
39131952300,39131952300,100,7,10585000
39131952500,39131952500,100,5,4150124
39145002400,39145992400,100,1,102000
39145002800,39145992800,100,2,4687166
39145003100,39145993100,100,1,245000
39145003200,39145993200,100,2,227000
39145003300,39145993300,100,1,140000
39145003500,39145993500,100,1,250000
39145003600,39145993600,100,4,1678400
39145003700,39145993700,100,2,570000
39145004000,39145994000,100,2,685000
39151702300,39151702300,100,2,11375000
39153501100,39153501100,100,2,3840000
39153507500,39153507500,100,1,335000
39153508900,39153501302,94.48,1,4338700
39173021902,39173021900,100,3,9000000
40013796400,40013996400,100,2,3350000
40013796500,40013996500,100,1,8100000
40023967200,40023997200,100,1,2120000
40027200100,40027200100,100,1,600000
40037020103,40037020103,100,1,6000000
40037021000,40037021000,100,3,14600000
40039960600,40039960600,100,1,1898250
40079040402,40079040400,100,1,5000000
40101000400,40101000400,99.46,2,25000000
40101000700,40101000700,100,3,2000000
40109101300,40109101300,100,1,1015000
40109102500,40109102500,100,3,11000000
40109102700,40109102700,100,1,3000000
40109103000,40109103000,100,3,15000000
40109103200,40109103200,100,1,615000
40109103300,40109103300,100,3,4469599
40109103601,40109103601,100,2,10807000
40109103800,40109103800,100,2,8888880
40109106100,40109106100,100,3,500000
40109106804,40109106804,100,1,2847500
40109107002,40109107002,100,1,1360000
40109107206,40109107206,100,1,1567250
40109107217,40109107217,100,1,5310000
40109107604,40109107604,100,1,9797000
40109107809,40109107809,100,1,5000000
40109108003,40109108003,100,4,3210000
40109109100,40109103101,68.13,5,34913856
40119011400,40119011400,100,1,1100000
40121486400,40121986400,100,4,7380000
40133583600,40133983600,100,3,4291000
40143002500,40143002500,100,1,3826250
40143009008,40143009008,100,1,9653050
41005021601,41005021601,100,2,17699118
41011000300,41011000300,98.2,1,2855000
41015950100,41015950100,100,2,3880000
41039001904,41039001904,100,1,1804000
41039004000,41039004000,100,1,750000
41043020400,41043020400,100,1,180000
41045970400,41045970400,100,1,1900000
41047000400,41047000400,100,2,600000
41047000900,41047000900,100,1,600000
41047001000,41047001000,100,5,5001280
41051000502,41051000502,100,1,500000
41051001000,41051001000,100,1,25600
41051001101,41051001101,100,2,4630678
41051002100,41051002100,100,2,2427930
41051002203,41051002301,87.71,1,650000
41051002303,41051002302,85.57,2,50000
41051003301,41051003301,100,2,1015000
41051003302,41051003302,100,2,3786080
41051003401,41051003401,100,1,8562561
41051003402,41051003402,100,2,1292266
41051003601,41051003601,100,1,1585307
41051003701,41051003701,100,1,30000
41051003803,41051003803,100,1,50000
41051003901,41051003901,100,3,13218292
41051004001,41051004001,100,1,50000
41051005100,41051005100,100,11,74001241
41051005200,41051005200,100,2,9920498
41051007400,41051007400,100,4,2978468
41051008100,41051008100,100,2,17375000
41051008500,41051008500,100,1,410000
41051008902,41051008902,100,1,500000
41051010600,41051005300,75.13,12,105273242
41053020203,41053020203,100,1,683000
41067030900,41067030900,100,1,4875381
41067033200,41067033200,100,1,1975000
42003070500,42003070500,100,2,30477116
42003210700,42003210700,98.36,3,3870001
42003241200,42003241200,98.42,2,108779
42003271500,42003271500,100,1,20134
42003563200,42003230400,86.02,3,325364
42003980600,42003210800,100,2,194156
42011002900,42011002900,96.7,2,14000000
42043020500,42043020500,100,1,3500000
42045404700,42045404700,100,2,19807729
42071000400,42071000400,98.72,3,4282500
42101000500,42101000500,100,5,8050000
42101005600,42101005600,100,1,5000000
42101008802,42101008800,100,4,21212946
42101009100,42101009100,100,1,14210000
42101011100,42101011100,100,2,17660000
42101013700,42101013700,100,5,6337316
42101014400,42101014400,100,2,4200000
42101014600,42101014600,100,5,17000000
42101017000,42101017000,100,1,8956899
42101017100,42101017100,100,3,5808248
42101024100,42101024100,100,2,7500000
42101027700,42101027700,100,1,850000
42101037300,42101004700,67.82,1,1500000
42101038300,42101019600,71.59,4,10637500
42129805400,42129805400,100,1,7000000
44003020200,44003020200,100,3,7742403
44007000101,44007000101,100,1,440000
44007000600,44007000600,100,3,23834536
44007000700,44007000700,100,1,7090000
44007000800,44007000800,100,4,20420616
44007001400,44007001400,100,1,345000
44007001900,44007001900,100,10,68189335
44007002500,44007002500,100,3,27833989
44007015200,44007015200,100,1,350000
44007015400,44007015400,100,1,1000000
44007016100,44007016100,100,1,1000000
44007016400,44007016400,100,2,705000
44007017400,44007017400,100,1,189000
44007017600,44007017600,100,4,4127760
44007018000,44007018000,100,1,1015000
44007018400,44007018400,100,1,3250000
45003021201,45003021201,98.52,1,236250
45019005500,45019004100,92.28,9,22686800
45045000700,45045000700,100,4,7290780
45083020400,45083020400,100,2,3093000
45083020603,45083020603,100,1,950000
45083020900,45083020900,100,4,7084699
45091060501,45091060501,100,1,2916981
46031941100,46031940600,62.88,2,8930000
46045962200,46045982200,100,2,9500000
46049961100,46049981100,100,2,14250000
46129965200,46129985200,100,1,500000
47037011900,47037011900,100,2,5258298
47037012801,47037012801,100,1,75000
47037013601,47037013600,100,1,90000
47037014400,47037014400,100,1,1000000
47037019400,47037014000,75.57,2,3105000
47037019500,47037014600,68.17,6,7047000
47039955001,47039955000,100,1,140895
47039955002,47039955000,100,11,2789618
47053966900,47053966900,100,3,4595000
47061955000,47061955000,100,1,100000
47061955200,47061955200,100,1,85000
47061955300,47061955300,99.94,1,132000
47065000400,47065000400,100,1,10200000
47065000800,47065000800,100,5,923525
47065001600,47065001600,100,2,676880
47065001900,47065001900,91.51,2,697500
47065003100,47065003100,100,2,116667
47093000100,47093000100,100,9,15181841
47095960100,47095960100,100,1,158822
47107970700,47107970700,100,9,1000000
47115050102,47115050100,100,2,348600
47115050301,47115050300,100,2,420257
47157004200,47157004200,99.96,14,50475000
47183968201,47183968200,100,2,2572000
47183968203,47183968200,100,1,1900000
47183968500,47183968500,100,5,1718263
48005000700,48005000700,100,1,1607944
48029110100,48029110100,100,5,30295000
48029110300,48029110300,100,2,13500000
48029110600,48029110600,100,1,824974
48029151200,48029151200,100,1,3850000
48029161100,48029161100,100,1,1376532
48029170300,48029170300,100,1,474956
48041000603,48041000603,100,2,8910000
48085031900,48085031900,100,1,1000000
48097000400,48097990400,100,1,2850000
48113004700,48113004700,100,1,3515839
48113009803,48113009803,100,1,3750000
48117950600,48117950100,78.6,1,2500000
48127950200,48127950200,100,1,1071925
48201100000,48201100000,100,2,8000000
48201211500,48201211500,100,1,5000000
48201232302,48201232300,100,1,554600
48201233300,48201233300,100,1,769929
48201313700,48201313700,100,1,927006
48201331800,48201331800,100,1,554000
48201333700,48201333700,100,1,2500000
48201521400,48201521400,100,1,474956
48201534002,48201534000,100,1,5000000
48215020404,48215020401,100,1,1000000
48215020503,48215020503,100,1,7500000
48215021401,48215021401,100,2,18500000
48251130800,48251130800,100,1,1500000
48277000700,48277000700,100,1,2000000
48277000800,48277000800,100,1,5000000
48439104503,48439104503,100,1,15600000
48439106004,48439106004,100,1,1500000
48439106507,48439106507,100,1,708000
48439123600,48439104000,57.04,1,1700000
48441011000,48441011000,100,2,2913967
48453000804,48453000804,100,2,7805270
48453001305,48453001305,100,1,11500000
48453002411,48453002411,100,1,1160000
48479001601,48479001600,100,1,11000000
49011127002,49011127002,100,1,9026650
49019000200,49019000200,100,1,369000
49035100100,49035100100,100,1,238300
49035101700,49035101700,100,2,650000
49035102000,49035102000,100,1,4500000
49035102500,49035102500,100,3,6880089
49035102701,49035102700,100,1,500000
49035102802,49035102802,100,2,6711437
49035102900,49035102900,100,2,12500000
49035111500,49035111500,100,1,1600000
49035111600,49035111600,100,1,1070000
49035114000,49035102200,54.76,3,5826447
49047968402,49047988400,100,1,315000
49049000802,49049000802,100,1,1846120
49049002000,49049002000,100,1,15000000
49057200400,49057200400,100,1,3900000
49057201100,49057201100,100,1,548000
49057201900,49057201900,100,3,2718432
50011010300,50011010300,100,1,4810187
51013103402,51013103402,100,1,5250000
51059421500,51059421500,100,1,6000000
51083930800,51083990800,100,1,6866039
51510200303,51510200303,100,1,3488001
51590000500,51590000500,69.64,2,1026800
51650010309,51650010309,100,1,11437409
51650010502,51650010502,100,2,13000000
51680000500,51680000500,100,4,7773287
51680001100,51680001100,100,2,6060378
51700030900,51700030900,100,1,14965000
51710002600,51710002600,100,1,13300000
51710004200,51710004200,100,2,13538800
51710004700,51710004700,100,2,6720000
51710006604,51710006604,100,2,6969999
51710980300,51710006700,100,1,10200000
51740213101,51740213101,100,4,16525000
51760030200,51760030200,100,3,40004290
51760061000,51760060300,56.03,2,9300000
51770001100,51770001100,86.21,1,5890000
51770002500,51770000700,68.84,1,4141050
51775010300,51775010300,97.38,1,1800000
51800065100,51800065100,100,1,1055437
51800065300,51800065300,100,3,13220000
51820003100,51820003100,95.48,1,1903622
53001950400,53001950400,100,1,1044690
53009000200,53009980200,100,3,14525000
53009000300,53009980300,100,1,19130000
53011041108,53011041108,100,1,694000
53027000200,53027000200,100,1,3166750
53029971900,53029971900,100,1,8000000
53033007300,53033007300,100,3,17200000
53033008100,53033008100,100,4,6753922
53033008200,53033008200,100,2,10619661
53033009000,53033009000,100,4,17186139
53033009100,53033009100,100,4,21336353
53033009200,53033009200,100,3,10236251
53033010001,53033010000,100,1,9070000
53033010702,53033010700,100,3,23110026
53033010900,53033010900,100,2,15770000
53033011001,53033011000,100,4,23475483
53033011101,53033011101,100,1,1400000
53033026200,53033026200,100,1,6000000
53033026500,53033026500,56.06,2,15104974
53033028403,53033028403,100,2,5720000
53033029206,53033029201,100,1,13632500
53033030501,53033030501,100,1,1700000
53035080500,53035080500,100,6,26644232
53037975500,53037975500,100,1,1110000
53041970300,53041970300,100,2,5500000
53045960800,53045960800,100,1,4661126
53049950300,53049950300,100,1,1600000
53049950500,53049950500,100,1,1020100
53053060200,53053060200,100,2,10247850
53053061601,53053061601,100,1,7000000
53061041805,53061041805,100,2,30500000
53061041904,53061041904,100,2,3694985
53063002400,53063002400,100,3,25510000
53063003500,53063003500,100,2,21050000
53077000100,53077000100,100,3,6709977
53077000200,53077000200,100,1,3960000
53077001400,53077001400,100,1,876000
54003971700,54003971700,100,1,5300000
54011000200,54011000200,100,2,582500
54011000600,54011000600,100,1,331000
54011001400,54011001400,100,1,1733800
54039000100,54039000100,100,1,2000000
54047954503,54047953700,84.3,2,160076
54059957300,54059957300,100,1,42000000
54109003100,54109953100,100,3,1587688
55009000100,55009000100,100,1,3000000
55009000900,55009000900,100,1,2375000
55025001401,55025001401,100,2,9540000
55025001402,55025001402,100,3,18200000
55025001502,55025001502,100,10,20761779
55025001603,55025001601,100,1,7000000
55025001606,55025001602,100,1,2000000
55025001704,55025001701,100,2,12400000
55025001705,55025001701,100,4,22222720
55025002000,55025002000,100,2,6435000
55025002500,55025002500,100,5,2702220
55031020300,55031020300,100,2,3284360
55033970800,55033970800,100,1,6784452
55059001100,55059001100,100,1,2000000
55063000100,55063000100,100,1,1000000
55063000200,55063000200,100,2,2466666
55063000300,55063000900,54.28,5,13195900
55067960700,55067960700,100,1,1600000
55079000102,55079000100,100,2,850000
55079000201,55079000201,100,2,672000
55079001300,55079001300,100,2,650000
55079001500,55079001500,100,2,3300000
55079002400,55079002400,100,1,720000
55079003600,55079003600,100,5,5250530
55079004400,55079004400,100,9,16485390
55079004700,55079004700,100,2,3671960
55079004800,55079004800,100,1,80000
55079006000,55079006000,100,1,156000
55079007100,55079007100,100,1,1440000
55079008500,55079008500,100,2,9453800
55079008900,55079008900,100,2,3482900
55079009000,55079009000,100,1,340000
55079011000,55079011000,100,1,140000
55079011300,55079011300,100,2,15000000
55079014100,55079014100,100,2,4650000
55079014400,55079014400,100,1,2500000
55079014900,55079014900,100,1,174000
55079015800,55079015800,100,1,2200000
55079015900,55079015900,100,1,2000000
55079016000,55079016000,100,1,196000
55079018400,55079018400,100,1,146400
55079100200,55079100200,100,8,15968050
55079110100,55079110100,100,2,8077239
55079185300,55079090400,95.58,1,4500000
55079185400,55079010100,53.26,2,1058405
55079185600,55079010500,59.8,2,583574
55079185700,55079008300,51.22,2,2007058
55079186500,55079015500,50.75,4,1269000
55079186800,55079013200,77.01,15,30406713
55079187400,55079015300,66.21,16,61099547
55097960400,55097960400,100,1,1000000
55097961000,55097961000,100,1,150000
55103970100,55103970100,100,1,2703418
55105000400,55105000400,100,1,1435000
55113100300,55113980300,100,1,660000
55137960800,55137960500,96.72,1,58989
56001963500,56001963500,100,3,10565000
56025000200,56025000200,100,3,1461532
72129220300,72129220300,100,1,474956
